Name,time,Position,Velocity,Effort
Joint1,0.02,0.0,0.0,0.0
Joint1,0.04,0.0,0.0,0.0
Joint1,0.06,0.0,0.0,0.0
Joint1,0.08,0.0,0.0,0.0
Joint1,0.1,0.0,0.0,0.0
Joint1,0.12000000000000001,0.0,0.0,0.0
Joint1,0.14,0.0,0.0,0.0
Joint1,0.16,0.0,0.0,0.0
Joint1,0.18,0.0,0.0,0.0
Joint1,0.19999999999999998,0.0,0.0,0.0
Joint1,0.21999999999999997,0.004519799130609847,0.5345675955474657,300.0
Joint1,0.23999999999999996,0.004519799130609847,0.5345675955474657,300.0
Joint1,0.25999999999999995,0.004519799130609847,0.5345675955474657,300.0
Joint1,0.27999999999999997,0.004519799130609847,0.5345675955474657,300.0
Joint1,0.3,0.004519799130609847,0.5345675955474657,300.0
Joint1,0.32,0.004519799130609847,0.5345675955474657,300.0
Joint1,0.34,0.004519799130609847,0.5345675955474657,300.0
Joint1,0.36000000000000004,0.004519799130609847,0.5345675955474657,300.0
Joint1,0.38000000000000006,0.004519799130609847,0.5345675955474657,300.0
Joint1,0.4000000000000001,0.004519799130609847,0.5345675955474657,300.0
Joint1,0.4200000000000001,0.02153464974233099,1.16049641544694,300.0
Joint1,0.4400000000000001,0.02153464974233099,1.16049641544694,300.0
Joint1,0.46000000000000013,0.02153464974233099,1.16049641544694,300.0
Joint1,0.48000000000000015,0.02153464974233099,1.16049641544694,300.0
Joint1,0.5000000000000001,0.02153464974233099,1.16049641544694,300.0
Joint1,0.5200000000000001,0.02153464974233099,1.16049641544694,300.0
Joint1,0.5400000000000001,0.02153464974233099,1.16049641544694,300.0
Joint1,0.5600000000000002,0.02153464974233099,1.16049641544694,300.0
Joint1,0.5800000000000002,0.02153464974233099,1.16049641544694,300.0
Joint1,0.6000000000000002,0.02153464974233099,1.16049641544694,300.0
Joint1,0.6200000000000002,0.050821290251119144,1.759505878922936,300.0
Joint1,0.6400000000000002,0.050821290251119144,1.759505878922936,300.0
Joint1,0.6600000000000003,0.050821290251119144,1.759505878922936,300.0
Joint1,0.6800000000000003,0.050821290251119144,1.759505878922936,300.0
Joint1,0.7000000000000003,0.050821290251119144,1.759505878922936,300.0
Joint1,0.7200000000000003,0.050821290251119144,1.759505878922936,300.0
Joint1,0.7400000000000003,0.050821290251119144,1.759505878922936,300.0
Joint1,0.7600000000000003,0.050821290251119144,1.759505878922936,300.0
Joint1,0.7800000000000004,0.050821290251119144,1.759505878922936,300.0
Joint1,0.8000000000000004,0.050821290251119144,1.759505878922936,300.0
Joint1,0.8200000000000004,0.09170073510007981,2.31774978654534,300.0
Joint1,0.8400000000000004,0.09170073510007981,2.31774978654534,300.0
Joint1,0.8600000000000004,0.09170073510007981,2.31774978654534,300.0
Joint1,0.8800000000000004,0.09170073510007981,2.31774978654534,300.0
Joint1,0.9000000000000005,0.09170073510007981,2.31774978654534,300.0
Joint1,0.9200000000000005,0.09170073510007981,2.31774978654534,300.0
Joint1,0.9400000000000005,0.09170073510007981,2.31774978654534,300.0
Joint1,0.9600000000000005,0.09170073510007981,2.31774978654534,300.0
Joint1,0.9800000000000005,0.09170073510007981,2.31774978654534,300.0
Joint1,1.0000000000000004,0.09170073510007981,2.31774978654534,300.0
Joint1,1.0200000000000005,0.14322719219619984,2.8224593772090065,300.0
Joint1,1.0400000000000005,0.14322719219619984,2.8224593772090065,300.0
Joint1,1.0600000000000005,0.14322719219619984,2.8224593772090065,300.0
Joint1,1.0800000000000005,0.14322719219619984,2.8224593772090065,300.0
Joint1,1.1000000000000005,0.14322719219619984,2.8224593772090065,300.0
Joint1,1.1200000000000006,0.14322719219619984,2.8224593772090065,300.0
Joint1,1.1400000000000006,0.14322719219619984,2.8224593772090065,300.0
Joint1,1.1600000000000006,0.14322719219619984,2.8224593772090065,300.0
Joint1,1.1800000000000006,0.14322719219619984,2.8224593772090065,300.0
Joint1,1.2000000000000006,0.14322719219619984,2.8224593772090065,300.0
Joint1,1.2200000000000006,0.2042139906326259,3.2623827384596913,300.0
Joint1,1.2400000000000007,0.2042139906326259,3.2623827384596913,300.0
Joint1,1.2600000000000007,0.2042139906326259,3.2623827384596913,300.0
Joint1,1.2800000000000007,0.2042139906326259,3.2623827384596913,300.0
Joint1,1.3000000000000007,0.2042139906326259,3.2623827384596913,300.0
Joint1,1.3200000000000007,0.2042139906326259,3.2623827384596913,300.0
Joint1,1.3400000000000007,0.2042139906326259,3.2623827384596913,300.0
Joint1,1.3600000000000008,0.2042139906326259,3.2623827384596913,300.0
Joint1,1.3800000000000008,0.2042139906326259,3.2623827384596913,300.0
Joint1,1.4000000000000008,0.2042139906326259,3.2623827384596913,300.0
Joint1,1.4200000000000008,0.27326840800432795,3.6282290399552584,300.0
Joint1,1.4400000000000008,0.27326840800432795,3.6282290399552584,300.0
Joint1,1.4600000000000009,0.27326840800432795,3.6282290399552584,300.0
Joint1,1.4800000000000009,0.27326840800432795,3.6282290399552584,300.0
Joint1,1.5000000000000009,0.27326840800432795,3.6282290399552584,300.0
Joint1,1.520000000000001,0.27326840800432795,3.6282290399552584,300.0
Joint1,1.540000000000001,0.27326840800432795,3.6282290399552584,300.0
Joint1,1.560000000000001,0.27326840800432795,3.6282290399552584,300.0
Joint1,1.580000000000001,0.27326840800432795,3.6282290399552584,300.0
Joint1,1.600000000000001,0.27326840800432795,3.6282290399552584,300.0
Joint1,1.620000000000001,0.34883505090945466,3.9130706993021946,300.0
Joint1,1.640000000000001,0.34883505090945466,3.9130706993021946,300.0
Joint1,1.660000000000001,0.34883505090945466,3.9130706993021946,300.0
Joint1,1.680000000000001,0.34883505090945466,3.9130706993021946,300.0
Joint1,1.700000000000001,0.34883505090945466,3.9130706993021946,300.0
Joint1,1.720000000000001,0.34883505090945466,3.9130706993021946,300.0
Joint1,1.740000000000001,0.34883505090945466,3.9130706993021946,300.0
Joint1,1.7600000000000011,0.34883505090945466,3.9130706993021946,300.0
Joint1,1.7800000000000011,0.34883505090945466,3.9130706993021946,300.0
Joint1,1.8000000000000012,0.34883505090945466,3.9130706993021946,300.0
Joint1,1.8200000000000012,0.4292463706813727,4.112645304195106,300.0
Joint1,1.8400000000000012,0.4292463706813727,4.112645304195106,300.0
Joint1,1.8600000000000012,0.4292463706813727,4.112645304195106,300.0
Joint1,1.8800000000000012,0.4292463706813727,4.112645304195106,300.0
Joint1,1.9000000000000012,0.4292463706813727,4.112645304195106,300.0
Joint1,1.9200000000000013,0.4292463706813727,4.112645304195106,300.0
Joint1,1.9400000000000013,0.4292463706813727,4.112645304195106,300.0
Joint1,1.9600000000000013,0.4292463706813727,4.112645304195106,300.0
Joint1,1.9800000000000013,0.4292463706813727,4.112645304195106,300.0
Joint1,2.0000000000000013,0.4292463706813727,4.112645304195106,300.0
Joint1,2.0200000000000014,0.5127777355429268,4.225501953443239,300.0
Joint1,2.0400000000000014,0.5127777355429268,4.225501953443239,300.0
Joint1,2.0600000000000014,0.5127777355429268,4.225501953443239,300.0
Joint1,2.0800000000000014,0.5127777355429268,4.225501953443239,300.0
Joint1,2.1000000000000014,0.5127777355429268,4.225501953443239,300.0
Joint1,2.1200000000000014,0.5127777355429268,4.225501953443239,300.0
Joint1,2.1400000000000015,0.5127777355429268,4.225501953443239,300.0
Joint1,2.1600000000000015,0.5127777355429268,4.225501953443239,300.0
Joint1,2.1800000000000015,0.5127777355429268,4.225501953443239,300.0
Joint1,2.2000000000000015,0.5127777355429268,4.225501953443239,300.0
Joint1,2.2200000000000015,0.5977035311050214,4.252954697621431,300.0
Joint1,2.2400000000000015,0.5977035311050214,4.252954697621431,300.0
Joint1,2.2600000000000016,0.5977035311050214,4.252954697621431,300.0
Joint1,2.2800000000000016,0.5977035311050214,4.252954697621431,300.0
Joint1,2.3000000000000016,0.5977035311050214,4.252954697621431,300.0
Joint1,2.3200000000000016,0.5977035311050214,4.252954697621431,300.0
Joint1,2.3400000000000016,0.5977035311050214,4.252954697621431,300.0
Joint1,2.3600000000000017,0.5977035311050214,4.252954697621431,300.0
Joint1,2.3800000000000017,0.5977035311050214,4.252954697621431,300.0
Joint1,2.4000000000000017,0.5977035311050214,4.252954697621431,300.0
Joint1,2.4200000000000017,0.6823502968652395,4.1988351702568645,300.0
Joint1,2.4400000000000017,0.6823502968652395,4.1988351702568645,300.0
Joint1,2.4600000000000017,0.6823502968652395,4.1988351702568645,300.0
Joint1,2.4800000000000018,0.6823502968652395,4.1988351702568645,300.0
Joint1,2.5000000000000018,0.6823502968652395,4.1988351702568645,300.0
Joint1,2.520000000000002,0.6823502968652395,4.1988351702568645,300.0
Joint1,2.540000000000002,0.6823502968652395,4.1988351702568645,300.0
Joint1,2.560000000000002,0.6823502968652395,4.1988351702568645,300.0
Joint1,2.580000000000002,0.6823502968652395,4.1988351702568645,300.0
Joint1,2.600000000000002,0.6823502968652395,4.1988351702568645,300.0
Joint1,2.620000000000002,0.7651430824800078,4.069069630725527,300.0
Joint1,2.640000000000002,0.7651430824800078,4.069069630725527,300.0
Joint1,2.660000000000002,0.7651430824800078,4.069069630725527,300.0
Joint1,2.680000000000002,0.7651430824800078,4.069069630725527,300.0
Joint1,2.700000000000002,0.7651430824800078,4.069069630725527,300.0
Joint1,2.720000000000002,0.7651430824800078,4.069069630725527,300.0
Joint1,2.740000000000002,0.7651430824800078,4.069069630725527,300.0
Joint1,2.760000000000002,0.7651430824800078,4.069069630725527,300.0
Joint1,2.780000000000002,0.7651430824800078,4.069069630725527,300.0
Joint1,2.800000000000002,0.7651430824800078,4.069069630725527,300.0
Joint1,2.820000000000002,0.8352639277726128,2.7847259724664677,-300.0
Joint1,2.840000000000002,0.8352639277726128,2.7847259724664677,-300.0
Joint1,2.860000000000002,0.8352639277726128,2.7847259724664677,-300.0
Joint1,2.880000000000002,0.8352639277726128,2.7847259724664677,-300.0
Joint1,2.900000000000002,0.8352639277726128,2.7847259724664677,-300.0
Joint1,2.920000000000002,0.8352639277726128,2.7847259724664677,-300.0
Joint1,2.940000000000002,0.8352639277726128,2.7847259724664677,-300.0
Joint1,2.960000000000002,0.8352639277726128,2.7847259724664677,-300.0
Joint1,2.980000000000002,0.8352639277726128,2.7847259724664677,-300.0
Joint1,3.000000000000002,0.8352639277726128,2.7847259724664677,-300.0
Joint1,3.0200000000000022,0.8722082769253383,-0.39263229272638056,-300.0
Joint1,3.0400000000000023,0.8722082769253383,-0.39263229272638056,-300.0
Joint1,3.0600000000000023,0.8722082769253383,-0.39263229272638056,-300.0
Joint1,3.0800000000000023,0.8722082769253383,-0.39263229272638056,-300.0
Joint1,3.1000000000000023,0.8722082769253383,-0.39263229272638056,-300.0
Joint1,3.1200000000000023,0.8722082769253383,-0.39263229272638056,-300.0
Joint1,3.1400000000000023,0.8722082769253383,-0.39263229272638056,-300.0
Joint1,3.1600000000000024,0.8722082769253383,-0.39263229272638056,-300.0
Joint1,3.1800000000000024,0.8722082769253383,-0.39263229272638056,-300.0
Joint1,3.2000000000000024,0.8722082769253383,-0.39263229272638056,-300.0
Joint1,3.2200000000000024,0.8489358253868335,-1.9200137109521482,-300.0
Joint1,3.2400000000000024,0.8489358253868335,-1.9200137109521482,-300.0
Joint1,3.2600000000000025,0.8489358253868335,-1.9200137109521482,-300.0
Joint1,3.2800000000000025,0.8489358253868335,-1.9200137109521482,-300.0
Joint1,3.3000000000000025,0.8489358253868335,-1.9200137109521482,-300.0
Joint1,3.3200000000000025,0.8489358253868335,-1.9200137109521482,-300.0
Joint1,3.3400000000000025,0.8489358253868335,-1.9200137109521482,-300.0
Joint1,3.3600000000000025,0.8489358253868335,-1.9200137109521482,-300.0
Joint1,3.3800000000000026,0.8489358253868335,-1.9200137109521482,-300.0
Joint1,3.4000000000000026,0.8489358253868335,-1.9200137109521482,-300.0
Joint1,3.4200000000000026,0.7954560004345463,-3.4134703915945983,-300.0
Joint1,3.4400000000000026,0.7954560004345463,-3.4134703915945983,-300.0
Joint1,3.4600000000000026,0.7954560004345463,-3.4134703915945983,-300.0
Joint1,3.4800000000000026,0.7954560004345463,-3.4134703915945983,-300.0
Joint1,3.5000000000000027,0.7954560004345463,-3.4134703915945983,-300.0
Joint1,3.5200000000000027,0.7954560004345463,-3.4134703915945983,-300.0
Joint1,3.5400000000000027,0.7954560004345463,-3.4134703915945983,-300.0
Joint1,3.5600000000000027,0.7954560004345463,-3.4134703915945983,-300.0
Joint1,3.5800000000000027,0.7954560004345463,-3.4134703915945983,-300.0
Joint1,3.6000000000000028,0.7954560004345463,-3.4134703915945983,-300.0
Joint1,3.6200000000000028,0.7126219994156262,-4.851070672495698,-300.0
Joint1,3.640000000000003,0.7126219994156262,-4.851070672495698,-300.0
Joint1,3.660000000000003,0.7126219994156262,-4.851070672495698,-300.0
Joint1,3.680000000000003,0.7126219994156262,-4.851070672495698,-300.0
Joint1,3.700000000000003,0.7126219994156262,-4.851070672495698,-300.0
Joint1,3.720000000000003,0.7126219994156262,-4.851070672495698,-300.0
Joint1,3.740000000000003,0.7126219994156262,-4.851070672495698,-300.0
Joint1,3.760000000000003,0.7126219994156262,-4.851070672495698,-300.0
Joint1,3.780000000000003,0.7126219994156262,-4.851070672495698,-300.0
Joint1,3.800000000000003,0.7126219994156262,-4.851070672495698,-300.0
Joint1,3.820000000000003,0.6018437956005425,-6.203030592558601,-300.0
Joint1,3.840000000000003,0.6018437956005425,-6.203030592558601,-300.0
Joint1,3.860000000000003,0.6018437956005425,-6.203030592558601,-300.0
Joint1,3.880000000000003,0.6018437956005425,-6.203030592558601,-300.0
Joint1,3.900000000000003,0.6018437956005425,-6.203030592558601,-300.0
Joint1,3.920000000000003,0.6018437956005425,-6.203030592558601,-300.0
Joint1,3.940000000000003,0.6018437956005425,-6.203030592558601,-300.0
Joint1,3.960000000000003,0.6018437956005425,-6.203030592558601,-300.0
Joint1,3.980000000000003,0.6018437956005425,-6.203030592558601,-300.0
Joint1,4.000000000000003,0.6018437956005425,-6.203030592558601,-300.0
Joint1,4.020000000000002,0.46516463255099083,-7.435955828648201,-300.0
Joint1,4.040000000000002,0.46516463255099083,-7.435955828648201,-300.0
Joint1,4.060000000000001,0.46516463255099083,-7.435955828648201,-300.0
Joint1,4.080000000000001,0.46516463255099083,-7.435955828648201,-300.0
Joint1,4.1000000000000005,0.46516463255099083,-7.435955828648201,-300.0
Joint1,4.12,0.46516463255099083,-7.435955828648201,-300.0
Joint1,4.14,0.46516463255099083,-7.435955828648201,-300.0
Joint1,4.159999999999999,0.46516463255099083,-7.435955828648201,-300.0
Joint1,4.179999999999999,0.46516463255099083,-7.435955828648201,-300.0
Joint1,4.199999999999998,0.46516463255099083,-7.435955828648201,-300.0
Joint1,4.219999999999998,0.30531949154983096,-8.514502587277413,-300.0
Joint1,4.2399999999999975,0.30531949154983096,-8.514502587277413,-300.0
Joint1,4.259999999999997,0.30531949154983096,-8.514502587277413,-300.0
Joint1,4.279999999999997,0.30531949154983096,-8.514502587277413,-300.0
Joint1,4.299999999999996,0.30531949154983096,-8.514502587277413,-300.0
Joint1,4.319999999999996,0.30531949154983096,-8.514502587277413,-300.0
Joint1,4.339999999999995,0.30531949154983096,-8.514502587277413,-300.0
Joint1,4.359999999999995,0.30531949154983096,-8.514502587277413,-300.0
Joint1,4.379999999999995,0.30531949154983096,-8.514502587277413,-300.0
Joint1,4.399999999999994,0.30531949154983096,-8.514502587277413,-300.0
Joint1,4.419999999999994,0.12574259294716938,-9.404783651825895,-300.0
Joint1,4.439999999999993,0.12574259294716938,-9.404783651825895,-300.0
Joint1,4.459999999999993,0.12574259294716938,-9.404783651825895,-300.0
Joint1,4.479999999999992,0.12574259294716938,-9.404783651825895,-300.0
Joint1,4.499999999999992,0.12574259294716938,-9.404783651825895,-300.0
Joint1,4.519999999999992,0.12574259294716938,-9.404783651825895,-300.0
Joint1,4.539999999999991,0.12574259294716938,-9.404783651825895,-300.0
Joint1,4.559999999999991,0.12574259294716938,-9.404783651825895,-300.0
Joint1,4.57999999999999,0.12574259294716938,-9.404783651825895,-300.0
Joint1,4.59999999999999,0.12574259294716938,-9.404783651825895,-300.0
Joint1,4.6199999999999894,-0.0693977301463331,-10.00195876466929,0.0
Joint1,4.639999999999989,-0.0693977301463331,-10.00195876466929,0.0
Joint1,4.659999999999989,-0.0693977301463331,-10.00195876466929,0.0
Joint1,4.679999999999988,-0.0693977301463331,-10.00195876466929,0.0
Joint1,4.699999999999988,-0.0693977301463331,-10.00195876466929,0.0
Joint1,4.719999999999987,-0.0693977301463331,-10.00195876466929,0.0
Joint1,4.739999999999987,-0.0693977301463331,-10.00195876466929,0.0
Joint1,4.7599999999999865,-0.0693977301463331,-10.00195876466929,0.0
Joint1,4.779999999999986,-0.0693977301463331,-10.00195876466929,0.0
Joint1,4.799999999999986,-0.0693977301463331,-10.00195876466929,0.0
Joint1,4.819999999999985,-0.26937521310444446,-9.997765941349739,0.0
Joint1,4.839999999999985,-0.26937521310444446,-9.997765941349739,0.0
Joint1,4.859999999999984,-0.26937521310444446,-9.997765941349739,0.0
Joint1,4.879999999999984,-0.26937521310444446,-9.997765941349739,0.0
Joint1,4.8999999999999835,-0.26937521310444446,-9.997765941349739,0.0
Joint1,4.919999999999983,-0.26937521310444446,-9.997765941349739,0.0
Joint1,4.939999999999983,-0.26937521310444446,-9.997765941349739,0.0
Joint1,4.959999999999982,-0.26937521310444446,-9.997765941349739,0.0
Joint1,4.979999999999982,-0.26937521310444446,-9.997765941349739,0.0
Joint1,4.999999999999981,-0.26937521310444446,-9.997765941349739,0.0
Joint1,5.019999999999981,-0.46925358383926863,-10.000190813216072,-300.0
Joint1,5.0399999999999805,-0.46925358383926863,-10.000190813216072,-300.0
Joint1,5.05999999999998,-0.46925358383926863,-10.000190813216072,-300.0
Joint1,5.07999999999998,-0.46925358383926863,-10.000190813216072,-300.0
Joint1,5.099999999999979,-0.46925358383926863,-10.000190813216072,-300.0
Joint1,5.119999999999979,-0.46925358383926863,-10.000190813216072,-300.0
Joint1,5.139999999999978,-0.46925358383926863,-10.000190813216072,-300.0
Joint1,5.159999999999978,-0.46925358383926863,-10.000190813216072,-300.0
Joint1,5.1799999999999775,-0.46925358383926863,-10.000190813216072,-300.0
Joint1,5.199999999999977,-0.46925358383926863,-10.000190813216072,-300.0
Joint1,5.219999999999977,-0.6596414123937624,-8.89285862184328,300.0
Joint1,5.239999999999976,-0.6596414123937624,-8.89285862184328,300.0
Joint1,5.259999999999976,-0.6596414123937624,-8.89285862184328,300.0
Joint1,5.279999999999975,-0.6596414123937624,-8.89285862184328,300.0
Joint1,5.299999999999975,-0.6596414123937624,-8.89285862184328,300.0
Joint1,5.3199999999999745,-0.6596414123937624,-8.89285862184328,300.0
Joint1,5.339999999999974,-0.6596414123937624,-8.89285862184328,300.0
Joint1,5.359999999999974,-0.6596414123937624,-8.89285862184328,300.0
Joint1,5.379999999999973,-0.6596414123937624,-8.89285862184328,300.0
Joint1,5.399999999999973,-0.6596414123937624,-8.89285862184328,300.0
Joint1,5.419999999999972,-0.8234034232269547,-7.467095822888109,300.0
Joint1,5.439999999999972,-0.8234034232269547,-7.467095822888109,300.0
Joint1,5.4599999999999715,-0.8234034232269547,-7.467095822888109,300.0
Joint1,5.479999999999971,-0.8234034232269547,-7.467095822888109,300.0
Joint1,5.499999999999971,-0.8234034232269547,-7.467095822888109,300.0
Joint1,5.51999999999997,-0.8234034232269547,-7.467095822888109,300.0
Joint1,5.53999999999997,-0.8234034232269547,-7.467095822888109,300.0
Joint1,5.559999999999969,-0.8234034232269547,-7.467095822888109,300.0
Joint1,5.579999999999969,-0.8234034232269547,-7.467095822888109,300.0
Joint1,5.599999999999969,-0.8234034232269547,-7.467095822888109,300.0
Joint1,5.619999999999968,-0.8529887418450324,2.0796591397243294,300.0
Joint1,5.639999999999968,-0.8529887418450324,2.0796591397243294,300.0
Joint1,5.659999999999967,-0.8529887418450324,2.0796591397243294,300.0
Joint1,5.679999999999967,-0.8529887418450324,2.0796591397243294,300.0
Joint1,5.699999999999966,-0.8529887418450324,2.0796591397243294,300.0
Joint1,5.719999999999966,-0.8529887418450324,2.0796591397243294,300.0
Joint1,5.739999999999966,-0.8529887418450324,2.0796591397243294,300.0
Joint1,5.759999999999965,-0.8529887418450324,2.0796591397243294,300.0
Joint1,5.779999999999965,-0.8529887418450324,2.0796591397243294,300.0
Joint1,5.799999999999964,-0.8529887418450324,2.0796591397243294,300.0
Joint1,5.819999999999964,-0.7962926537894779,3.575038094043304,300.0
Joint1,5.839999999999963,-0.7962926537894779,3.575038094043304,300.0
Joint1,5.859999999999963,-0.7962926537894779,3.575038094043304,300.0
Joint1,5.879999999999963,-0.7962926537894779,3.575038094043304,300.0
Joint1,5.899999999999962,-0.7962926537894779,3.575038094043304,300.0
Joint1,5.919999999999962,-0.7962926537894779,3.575038094043304,300.0
Joint1,5.939999999999961,-0.7962926537894779,3.575038094043304,300.0
Joint1,5.959999999999961,-0.7962926537894779,3.575038094043304,300.0
Joint1,5.9799999999999605,-0.7962926537894779,3.575038094043304,300.0
Joint1,5.99999999999996,-0.7962926537894779,3.575038094043304,300.0
Joint1,6.01999999999996,-0.7102293908775534,5.011968487997362,300.0
Joint1,6.039999999999959,-0.7102293908775534,5.011968487997362,300.0
Joint1,6.059999999999959,-0.7102293908775534,5.011968487997362,300.0
Joint1,6.079999999999958,-0.7102293908775534,5.011968487997362,300.0
Joint1,6.099999999999958,-0.7102293908775534,5.011968487997362,300.0
Joint1,6.1199999999999575,-0.7102293908775534,5.011968487997362,300.0
Joint1,6.139999999999957,-0.7102293908775534,5.011968487997362,300.0
Joint1,6.159999999999957,-0.7102293908775534,5.011968487997362,300.0
Joint1,6.179999999999956,-0.7102293908775534,5.011968487997362,300.0
Joint1,6.199999999999956,-0.7102293908775534,5.011968487997362,300.0
Joint1,6.219999999999955,-0.5962648424366579,6.360244193354971,300.0
Joint1,6.239999999999955,-0.5962648424366579,6.360244193354971,300.0
Joint1,6.2599999999999545,-0.5962648424366579,6.360244193354971,300.0
Joint1,6.279999999999954,-0.5962648424366579,6.360244193354971,300.0
Joint1,6.299999999999954,-0.5962648424366579,6.360244193354971,300.0
Joint1,6.319999999999953,-0.5962648424366579,6.360244193354971,300.0
Joint1,6.339999999999953,-0.5962648424366579,6.360244193354971,300.0
Joint1,6.359999999999952,-0.5962648424366579,6.360244193354971,300.0
Joint1,6.379999999999952,-0.5962648424366579,6.360244193354971,300.0
Joint1,6.3999999999999515,-0.5962648424366579,6.360244193354971,300.0
Joint1,6.419999999999951,-0.4565071542309793,7.586020304532932,300.0
Joint1,6.439999999999951,-0.4565071542309793,7.586020304532932,300.0
Joint1,6.45999999999995,-0.4565071542309793,7.586020304532932,300.0
Joint1,6.47999999999995,-0.4565071542309793,7.586020304532932,300.0
Joint1,6.499999999999949,-0.4565071542309793,7.586020304532932,300.0
Joint1,6.519999999999949,-0.4565071542309793,7.586020304532932,300.0
Joint1,6.5399999999999485,-0.4565071542309793,7.586020304532932,300.0
Joint1,6.559999999999948,-0.4565071542309793,7.586020304532932,300.0
Joint1,6.579999999999948,-0.4565071542309793,7.586020304532932,300.0
Joint1,6.599999999999947,-0.4565071542309793,7.586020304532932,300.0
Joint1,6.619999999999947,-0.29376405864115096,8.653650243522968,300.0
Joint1,6.639999999999946,-0.29376405864115096,8.653650243522968,300.0
Joint1,6.659999999999946,-0.29376405864115096,8.653650243522968,300.0
Joint1,6.6799999999999455,-0.29376405864115096,8.653650243522968,300.0
Joint1,6.699999999999945,-0.29376405864115096,8.653650243522968,300.0
Joint1,6.719999999999945,-0.29376405864115096,8.653650243522968,300.0
Joint1,6.739999999999944,-0.29376405864115096,8.653650243522968,300.0
Joint1,6.759999999999944,-0.29376405864115096,8.653650243522968,300.0
Joint1,6.779999999999943,-0.29376405864115096,8.653650243522968,300.0
Joint1,6.799999999999943,-0.29376405864115096,8.653650243522968,300.0
Joint1,6.8199999999999426,-0.111545462618305,9.529285126669349,300.0
Joint1,6.839999999999942,-0.111545462618305,9.529285126669349,300.0
Joint1,6.859999999999942,-0.111545462618305,9.529285126669349,300.0
Joint1,6.879999999999941,-0.111545462618305,9.529285126669349,300.0
Joint1,6.899999999999941,-0.111545462618305,9.529285126669349,300.0
Joint1,6.91999999999994,-0.111545462618305,9.529285126669349,300.0
Joint1,6.93999999999994,-0.111545462618305,9.529285126669349,300.0
Joint1,6.95999999999994,-0.111545462618305,9.529285126669349,300.0
Joint1,6.979999999999939,-0.111545462618305,9.529285126669349,300.0
Joint1,6.999999999999939,-0.111545462618305,9.529285126669349,300.0
Joint1,7.019999999999938,0.08540710354447523,9.997027243320934,0.0
Joint1,7.039999999999938,0.08540710354447523,9.997027243320934,0.0
Joint1,7.059999999999937,0.08540710354447523,9.997027243320934,0.0
Joint1,7.079999999999937,0.08540710354447523,9.997027243320934,0.0
Joint1,7.099999999999937,0.08540710354447523,9.997027243320934,0.0
Joint1,7.119999999999936,0.08540710354447523,9.997027243320934,0.0
Joint1,7.139999999999936,0.08540710354447523,9.997027243320934,0.0
Joint1,7.159999999999935,0.08540710354447523,9.997027243320934,0.0
Joint1,7.179999999999935,0.08540710354447523,9.997027243320934,0.0
Joint1,7.1999999999999345,0.08540710354447523,9.997027243320934,0.0
Joint1,7.219999999999934,0.2853661624304191,9.996582977946934,0.0
Joint1,7.239999999999934,0.2853661624304191,9.996582977946934,0.0
Joint1,7.259999999999933,0.2853661624304191,9.996582977946934,0.0
Joint1,7.279999999999933,0.2853661624304191,9.996582977946934,0.0
Joint1,7.299999999999932,0.2853661624304191,9.996582977946934,0.0
Joint1,7.319999999999932,0.2853661624304191,9.996582977946934,0.0
Joint1,7.3399999999999315,0.2853661624304191,9.996582977946934,0.0
Joint1,7.359999999999931,0.2853661624304191,9.996582977946934,0.0
Joint1,7.379999999999931,0.2853661624304191,9.996582977946934,0.0
Joint1,7.39999999999993,0.2853661624304191,9.996582977946934,0.0
Joint1,7.41999999999993,0.48520098444136384,9.98472712792351,300.0
Joint1,7.439999999999929,0.48520098444136384,9.98472712792351,300.0
Joint1,7.459999999999929,0.48520098444136384,9.98472712792351,300.0
Joint1,7.4799999999999285,0.48520098444136384,9.98472712792351,300.0
Joint1,7.499999999999928,0.48520098444136384,9.98472712792351,300.0
Joint1,7.519999999999928,0.48520098444136384,9.98472712792351,300.0
Joint1,7.539999999999927,0.48520098444136384,9.98472712792351,300.0
Joint1,7.559999999999927,0.48520098444136384,9.98472712792351,300.0
Joint1,7.579999999999926,0.48520098444136384,9.98472712792351,300.0
Joint1,7.599999999999926,0.48520098444136384,9.98472712792351,300.0
Joint1,7.6199999999999255,0.6846759242956679,9.907222046538724,-44.418331366277684
Joint1,7.639999999999925,0.6846759242956679,9.907222046538724,-44.418331366277684
Joint1,7.659999999999925,0.6846759242956679,9.907222046538724,-44.418331366277684
Joint1,7.679999999999924,0.6846759242956679,9.907222046538724,-44.418331366277684
Joint1,7.699999999999924,0.6846759242956679,9.907222046538724,-44.418331366277684
Joint1,7.719999999999923,0.6846759242956679,9.907222046538724,-44.418331366277684
Joint1,7.739999999999923,0.6846759242956679,9.907222046538724,-44.418331366277684
Joint1,7.7599999999999225,0.6846759242956679,9.907222046538724,-44.418331366277684
Joint1,7.779999999999922,0.6846759242956679,9.907222046538724,-44.418331366277684
Joint1,7.799999999999922,0.6846759242956679,9.907222046538724,-44.418331366277684
Joint1,7.819999999999921,0.8689896997496191,8.479695457089326,-300.0
Joint1,7.839999999999921,0.8689896997496191,8.479695457089326,-300.0
Joint1,7.85999999999992,0.8689896997496191,8.479695457089326,-300.0
Joint1,7.87999999999992,0.8689896997496191,8.479695457089326,-300.0
Joint1,7.8999999999999195,0.8689896997496191,8.479695457089326,-300.0
Joint1,7.919999999999919,0.8689896997496191,8.479695457089326,-300.0
Joint1,7.939999999999919,0.8689896997496191,8.479695457089326,-300.0
Joint1,7.959999999999918,0.8689896997496191,8.479695457089326,-300.0
Joint1,7.979999999999918,0.8689896997496191,8.479695457089326,-300.0
Joint1,7.999999999999917,0.8689896997496191,8.479695457089326,-300.0
Joint1,8.019999999999918,0.833398870599602,-2.8159266200213087,-300.0
Joint1,8.039999999999917,0.833398870599602,-2.8159266200213087,-300.0
Joint1,8.059999999999917,0.833398870599602,-2.8159266200213087,-300.0
Joint1,8.079999999999917,0.833398870599602,-2.8159266200213087,-300.0
Joint1,8.099999999999916,0.833398870599602,-2.8159266200213087,-300.0
Joint1,8.119999999999916,0.833398870599602,-2.8159266200213087,-300.0
Joint1,8.139999999999915,0.833398870599602,-2.8159266200213087,-300.0
Joint1,8.159999999999915,0.833398870599602,-2.8159266200213087,-300.0
Joint1,8.179999999999914,0.833398870599602,-2.8159266200213087,-300.0
Joint1,8.199999999999914,0.833398870599602,-2.8159266200213087,-300.0
Joint1,8.219999999999914,0.7621717293897365,-4.289806919461812,-300.0
Joint1,8.239999999999913,0.7621717293897365,-4.289806919461812,-300.0
Joint1,8.259999999999913,0.7621717293897365,-4.289806919461812,-300.0
Joint1,8.279999999999912,0.7621717293897365,-4.289806919461812,-300.0
Joint1,8.299999999999912,0.7621717293897365,-4.289806919461812,-300.0
Joint1,8.319999999999911,0.7621717293897365,-4.289806919461812,-300.0
Joint1,8.339999999999911,0.7621717293897365,-4.289806919461812,-300.0
Joint1,8.35999999999991,0.7621717293897365,-4.289806919461812,-300.0
Joint1,8.37999999999991,0.7621717293897365,-4.289806919461812,-300.0
Joint1,8.39999999999991,0.7621717293897365,-4.289806919461812,-300.0
Joint1,8.41999999999991,0.6621450848088095,-5.691212130553652,-300.0
Joint1,8.439999999999909,0.6621450848088095,-5.691212130553652,-300.0
Joint1,8.459999999999908,0.6621450848088095,-5.691212130553652,-300.0
Joint1,8.479999999999908,0.6621450848088095,-5.691212130553652,-300.0
Joint1,8.499999999999908,0.6621450848088095,-5.691212130553652,-300.0
Joint1,8.519999999999907,0.6621450848088095,-5.691212130553652,-300.0
Joint1,8.539999999999907,0.6621450848088095,-5.691212130553652,-300.0
Joint1,8.559999999999906,0.6621450848088095,-5.691212130553652,-300.0
Joint1,8.579999999999906,0.6621450848088095,-5.691212130553652,-300.0
Joint1,8.599999999999905,0.6621450848088095,-5.691212130553652,-300.0
Joint1,8.619999999999905,0.5350850007138419,-6.988010937843612,-300.0
Joint1,8.639999999999905,0.5350850007138419,-6.988010937843612,-300.0
Joint1,8.659999999999904,0.5350850007138419,-6.988010937843612,-300.0
Joint1,8.679999999999904,0.5350850007138419,-6.988010937843612,-300.0
Joint1,8.699999999999903,0.5350850007138419,-6.988010937843612,-300.0
Joint1,8.719999999999903,0.5350850007138419,-6.988010937843612,-300.0
Joint1,8.739999999999903,0.5350850007138419,-6.988010937843612,-300.0
Joint1,8.759999999999902,0.5350850007138419,-6.988010937843612,-300.0
Joint1,8.779999999999902,0.5350850007138419,-6.988010937843612,-300.0
Joint1,8.799999999999901,0.5350850007138419,-6.988010937843612,-300.0
Joint1,8.8199999999999,0.383433699381996,-8.145034293381164,-300.0
Joint1,8.8399999999999,0.383433699381996,-8.145034293381164,-300.0
Joint1,8.8599999999999,0.383433699381996,-8.145034293381164,-300.0
Joint1,8.8799999999999,0.383433699381996,-8.145034293381164,-300.0
Joint1,8.899999999999899,0.383433699381996,-8.145034293381164,-300.0
Joint1,8.919999999999899,0.383433699381996,-8.145034293381164,-300.0
Joint1,8.939999999999898,0.383433699381996,-8.145034293381164,-300.0
Joint1,8.959999999999898,0.383433699381996,-8.145034293381164,-300.0
Joint1,8.979999999999897,0.383433699381996,-8.145034293381164,-300.0
Joint1,8.999999999999897,0.383433699381996,-8.145034293381164,-300.0
Joint1,9.019999999999897,0.21034601096896566,-9.126794926430657,-300.0
Joint1,9.039999999999896,0.21034601096896566,-9.126794926430657,-300.0
Joint1,9.059999999999896,0.21034601096896566,-9.126794926430657,-300.0
Joint1,9.079999999999895,0.21034601096896566,-9.126794926430657,-300.0
Joint1,9.099999999999895,0.21034601096896566,-9.126794926430657,-300.0
Joint1,9.119999999999894,0.21034601096896566,-9.126794926430657,-300.0
Joint1,9.139999999999894,0.21034601096896566,-9.126794926430657,-300.0
Joint1,9.159999999999894,0.21034601096896566,-9.126794926430657,-300.0
Joint1,9.179999999999893,0.21034601096896566,-9.126794926430657,-300.0
Joint1,9.199999999999893,0.21034601096896566,-9.126794926430657,-300.0
Joint1,9.219999999999892,0.019654321175210043,-9.901831641576825,-300.0
Joint1,9.239999999999892,0.019654321175210043,-9.901831641576825,-300.0
Joint1,9.259999999999891,0.019654321175210043,-9.901831641576825,-300.0
Joint1,9.279999999999891,0.019654321175210043,-9.901831641576825,-300.0
Joint1,9.29999999999989,0.019654321175210043,-9.901831641576825,-300.0
Joint1,9.31999999999989,0.019654321175210043,-9.901831641576825,-300.0
Joint1,9.33999999999989,0.019654321175210043,-9.901831641576825,-300.0
Joint1,9.35999999999989,0.019654321175210043,-9.901831641576825,-300.0
Joint1,9.379999999999889,0.019654321175210043,-9.901831641576825,-300.0
Joint1,9.399999999999888,0.019654321175210043,-9.901831641576825,-300.0
Joint1,9.419999999999888,-0.1802073667484798,-10.000019920325167,0.0
Joint1,9.439999999999888,-0.1802073667484798,-10.000019920325167,0.0
Joint1,9.459999999999887,-0.1802073667484798,-10.000019920325167,0.0
Joint1,9.479999999999887,-0.1802073667484798,-10.000019920325167,0.0
Joint1,9.499999999999886,-0.1802073667484798,-10.000019920325167,0.0
Joint1,9.519999999999886,-0.1802073667484798,-10.000019920325167,0.0
Joint1,9.539999999999885,-0.1802073667484798,-10.000019920325167,0.0
Joint1,9.559999999999885,-0.1802073667484798,-10.000019920325167,0.0
Joint1,9.579999999999885,-0.1802073667484798,-10.000019920325167,0.0
Joint1,9.599999999999884,-0.1802073667484798,-10.000019920325167,0.0
Joint1,9.619999999999884,-0.3801479239394059,-9.97820184646111,0.0
Joint1,9.639999999999883,-0.3801479239394059,-9.97820184646111,0.0
Joint1,9.659999999999883,-0.3801479239394059,-9.97820184646111,0.0
Joint1,9.679999999999882,-0.3801479239394059,-9.97820184646111,0.0
Joint1,9.699999999999882,-0.3801479239394059,-9.97820184646111,0.0
Joint1,9.719999999999882,-0.3801479239394059,-9.97820184646111,0.0
Joint1,9.739999999999881,-0.3801479239394059,-9.97820184646111,0.0
Joint1,9.75999999999988,-0.3801479239394059,-9.97820184646111,0.0
Joint1,9.77999999999988,-0.3801479239394059,-9.97820184646111,0.0
Joint1,9.79999999999988,-0.3801479239394059,-9.97820184646111,0.0
Joint1,9.81999999999988,-0.5800434617054755,-9.999651490589851,-300.0
Joint1,9.839999999999879,-0.5800434617054755,-9.999651490589851,-300.0
Joint1,9.859999999999879,-0.5800434617054755,-9.999651490589851,-300.0
Joint1,9.879999999999878,-0.5800434617054755,-9.999651490589851,-300.0
Joint1,9.899999999999878,-0.5800434617054755,-9.999651490589851,-300.0
Joint1,9.919999999999877,-0.5800434617054755,-9.999651490589851,-300.0
Joint1,9.939999999999877,-0.5800434617054755,-9.999651490589851,-300.0
Joint1,9.959999999999877,-0.5800434617054755,-9.999651490589851,-300.0
Joint1,9.979999999999876,-0.5800434617054755,-9.999651490589851,-300.0
Joint1,9.999999999999876,-0.5800434617054755,-9.999651490589851,-300.0
Joint1,10.019999999999875,-0.7794384623921076,-9.910263574660819,-300.0
Joint1,10.039999999999875,-0.7794384623921076,-9.910263574660819,-300.0
Joint1,10.059999999999874,-0.7794384623921076,-9.910263574660819,-300.0
Joint1,10.079999999999874,-0.7794384623921076,-9.910263574660819,-300.0
Joint1,10.099999999999874,-0.7794384623921076,-9.910263574660819,-300.0
Joint1,10.119999999999873,-0.7794384623921076,-9.910263574660819,-300.0
Joint1,10.139999999999873,-0.7794384623921076,-9.910263574660819,-300.0
Joint1,10.159999999999872,-0.7794384623921076,-9.910263574660819,-300.0
Joint1,10.179999999999872,-0.7794384623921076,-9.910263574660819,-300.0
Joint1,10.199999999999871,-0.7794384623921076,-9.910263574660819,-300.0
Joint1,10.219999999999871,-0.8593799188717615,1.7704927755521216,300.0
Joint1,10.23999999999987,-0.8593799188717615,1.7704927755521216,300.0
Joint1,10.25999999999987,-0.8593799188717615,1.7704927755521216,300.0
Joint1,10.27999999999987,-0.8593799188717615,1.7704927755521216,300.0
Joint1,10.29999999999987,-0.8593799188717615,1.7704927755521216,300.0
Joint1,10.319999999999869,-0.8593799188717615,1.7704927755521216,300.0
Joint1,10.339999999999868,-0.8593799188717615,1.7704927755521216,300.0
Joint1,10.359999999999868,-0.8593799188717615,1.7704927755521216,300.0
Joint1,10.379999999999868,-0.8593799188717615,1.7704927755521216,300.0
Joint1,10.399999999999867,-0.8593799188717615,1.7704927755521216,300.0
Joint1,10.419999999999867,-0.8088013245521521,3.273289456208348,300.0
Joint1,10.439999999999866,-0.8088013245521521,3.273289456208348,300.0
Joint1,10.459999999999866,-0.8088013245521521,3.273289456208348,300.0
Joint1,10.479999999999865,-0.8088013245521521,3.273289456208348,300.0
Joint1,10.499999999999865,-0.8088013245521521,3.273289456208348,300.0
Joint1,10.519999999999865,-0.8088013245521521,3.273289456208348,300.0
Joint1,10.539999999999864,-0.8088013245521521,3.273289456208348,300.0
Joint1,10.559999999999864,-0.8088013245521521,3.273289456208348,300.0
Joint1,10.579999999999863,-0.8088013245521521,3.273289456208348,300.0
Joint1,10.599999999999863,-0.8088013245521521,3.273289456208348,300.0
Joint1,10.619999999999862,-0.7286521703492106,4.723241343731727,300.0
Joint1,10.639999999999862,-0.7286521703492106,4.723241343731727,300.0
Joint1,10.659999999999862,-0.7286521703492106,4.723241343731727,300.0
Joint1,10.679999999999861,-0.7286521703492106,4.723241343731727,300.0
Joint1,10.69999999999986,-0.7286521703492106,4.723241343731727,300.0
Joint1,10.71999999999986,-0.7286521703492106,4.723241343731727,300.0
Joint1,10.73999999999986,-0.7286521703492106,4.723241343731727,300.0
Joint1,10.75999999999986,-0.7286521703492106,4.723241343731727,300.0
Joint1,10.779999999999859,-0.7286521703492106,4.723241343731727,300.0
Joint1,10.799999999999859,-0.7286521703492106,4.723241343731727,300.0
Joint1,10.819999999999858,-0.6202782101562025,6.090949028835035,300.0
Joint1,10.839999999999858,-0.6202782101562025,6.090949028835035,300.0
Joint1,10.859999999999857,-0.6202782101562025,6.090949028835035,300.0
Joint1,10.879999999999857,-0.6202782101562025,6.090949028835035,300.0
Joint1,10.899999999999856,-0.6202782101562025,6.090949028835035,300.0
Joint1,10.919999999999856,-0.6202782101562025,6.090949028835035,300.0
Joint1,10.939999999999856,-0.6202782101562025,6.090949028835035,300.0
Joint1,10.959999999999855,-0.6202782101562025,6.090949028835035,300.0
Joint1,10.979999999999855,-0.6202782101562025,6.090949028835035,300.0
Joint1,10.999999999999854,-0.6202782101562025,6.090949028835035,300.0
Joint1,11.019999999999854,-0.48565212516858125,7.3432379022048275,300.0
Joint1,11.039999999999853,-0.48565212516858125,7.3432379022048275,300.0
Joint1,11.059999999999853,-0.48565212516858125,7.3432379022048275,300.0
Joint1,11.079999999999853,-0.48565212516858125,7.3432379022048275,300.0
Joint1,11.099999999999852,-0.48565212516858125,7.3432379022048275,300.0
Joint1,11.119999999999852,-0.48565212516858125,7.3432379022048275,300.0
Joint1,11.139999999999851,-0.48565212516858125,7.3432379022048275,300.0
Joint1,11.159999999999851,-0.48565212516858125,7.3432379022048275,300.0
Joint1,11.17999999999985,-0.48565212516858125,7.3432379022048275,300.0
Joint1,11.19999999999985,-0.48565212516858125,7.3432379022048275,300.0
Joint1,11.21999999999985,-0.3274371639203455,8.444633391854442,300.0
Joint1,11.23999999999985,-0.3274371639203455,8.444633391854442,300.0
Joint1,11.259999999999849,-0.3274371639203455,8.444633391854442,300.0
Joint1,11.279999999999848,-0.3274371639203455,8.444633391854442,300.0
Joint1,11.299999999999848,-0.3274371639203455,8.444633391854442,300.0
Joint1,11.319999999999848,-0.3274371639203455,8.444633391854442,300.0
Joint1,11.339999999999847,-0.3274371639203455,8.444633391854442,300.0
Joint1,11.359999999999847,-0.3274371639203455,8.444633391854442,300.0
Joint1,11.379999999999846,-0.3274371639203455,8.444633391854442,300.0
Joint1,11.399999999999846,-0.3274371639203455,8.444633391854442,300.0
Joint1,11.419999999999845,-0.1490032711426874,9.360617376417498,300.0
Joint1,11.439999999999845,-0.1490032711426874,9.360617376417498,300.0
Joint1,11.459999999999845,-0.1490032711426874,9.360617376417498,300.0
Joint1,11.479999999999844,-0.1490032711426874,9.360617376417498,300.0
Joint1,11.499999999999844,-0.1490032711426874,9.360617376417498,300.0
Joint1,11.519999999999843,-0.1490032711426874,9.360617376417498,300.0
Joint1,11.539999999999843,-0.1490032711426874,9.360617376417498,300.0
Joint1,11.559999999999842,-0.1490032711426874,9.360617376417498,300.0
Joint1,11.579999999999842,-0.1490032711426874,9.360617376417498,300.0
Joint1,11.599999999999842,-0.1490032711426874,9.360617376417498,300.0
Joint1,11.619999999999841,0.045568640198283106,9.998285964117837,0.0
Joint1,11.63999999999984,0.045568640198283106,9.998285964117837,0.0
Joint1,11.65999999999984,0.045568640198283106,9.998285964117837,0.0
Joint1,11.67999999999984,0.045568640198283106,9.998285964117837,0.0
Joint1,11.69999999999984,0.045568640198283106,9.998285964117837,0.0
Joint1,11.719999999999839,0.045568640198283106,9.998285964117837,0.0
Joint1,11.739999999999839,0.045568640198283106,9.998285964117837,0.0
Joint1,11.759999999999838,0.045568640198283106,9.998285964117837,0.0
Joint1,11.779999999999838,0.045568640198283106,9.998285964117837,0.0
Joint1,11.799999999999837,0.045568640198283106,9.998285964117837,0.0
Joint1,11.819999999999837,0.2455425233198918,9.987055963302689,0.0
Joint1,11.839999999999836,0.2455425233198918,9.987055963302689,0.0
Joint1,11.859999999999836,0.2455425233198918,9.987055963302689,0.0
Joint1,11.879999999999836,0.2455425233198918,9.987055963302689,0.0
Joint1,11.899999999999835,0.2455425233198918,9.987055963302689,0.0
Joint1,11.919999999999835,0.2455425233198918,9.987055963302689,0.0
Joint1,11.939999999999834,0.2455425233198918,9.987055963302689,0.0
Joint1,11.959999999999834,0.2455425233198918,9.987055963302689,0.0
Joint1,11.979999999999833,0.2455425233198918,9.987055963302689,0.0
Joint1,11.999999999999833,0.2455425233198918,9.987055963302689,0.0
Joint1,12.019999999999833,0.44544738415133445,9.998545614091588,300.0
Joint1,12.039999999999832,0.44544738415133445,9.998545614091588,300.0
Joint1,12.059999999999832,0.44544738415133445,9.998545614091588,300.0
Joint1,12.079999999999831,0.44544738415133445,9.998545614091588,300.0
Joint1,12.099999999999831,0.44544738415133445,9.998545614091588,300.0
Joint1,12.11999999999983,0.44544738415133445,9.998545614091588,300.0
Joint1,12.13999999999983,0.44544738415133445,9.998545614091588,300.0
Joint1,12.15999999999983,0.44544738415133445,9.998545614091588,300.0
Joint1,12.17999999999983,0.44544738415133445,9.998545614091588,300.0
Joint1,12.199999999999829,0.44544738415133445,9.998545614091588,300.0
Joint1,12.219999999999828,0.6453906115425898,9.988147348570829,300.0
Joint1,12.239999999999828,0.6453906115425898,9.988147348570829,300.0
Joint1,12.259999999999827,0.6453906115425898,9.988147348570829,300.0
Joint1,12.279999999999827,0.6453906115425898,9.988147348570829,300.0
Joint1,12.299999999999827,0.6453906115425898,9.988147348570829,300.0
Joint1,12.319999999999826,0.6453906115425898,9.988147348570829,300.0
Joint1,12.339999999999826,0.6453906115425898,9.988147348570829,300.0
Joint1,12.359999999999825,0.6453906115425898,9.988147348570829,300.0
Joint1,12.379999999999825,0.6453906115425898,9.988147348570829,300.0
Joint1,12.399999999999824,0.6453906115425898,9.988147348570829,300.0
Joint1,12.419999999999824,0.8439636967000279,9.841616637502788,300.0
Joint1,12.439999999999824,0.8439636967000279,9.841616637502788,300.0
Joint1,12.459999999999823,0.8439636967000279,9.841616637502788,300.0
Joint1,12.479999999999823,0.8439636967000279,9.841616637502788,300.0
Joint1,12.499999999999822,0.8439636967000279,9.841616637502788,300.0
Joint1,12.519999999999822,0.8439636967000279,9.841616637502788,300.0
Joint1,12.539999999999822,0.8439636967000279,9.841616637502788,300.0
Joint1,12.559999999999821,0.8439636967000279,9.841616637502788,300.0
Joint1,12.57999999999982,0.8439636967000279,9.841616637502788,300.0
Joint1,12.59999999999982,0.8439636967000279,9.841616637502788,300.0
Joint1,12.61999999999982,0.842941884359707,-1.9477614478758438,300.0
Joint1,12.63999999999982,0.842941884359707,-1.9477614478758438,300.0
Joint1,12.659999999999819,0.842941884359707,-1.9477614478758438,300.0
Joint1,12.679999999999819,0.842941884359707,-1.9477614478758438,300.0
Joint1,12.699999999999818,0.842941884359707,-1.9477614478758438,300.0
Joint1,12.719999999999818,0.842941884359707,-1.9477614478758438,300.0
Joint1,12.739999999999817,0.842941884359707,-1.9477614478758438,300.0
Joint1,12.759999999999817,0.842941884359707,-1.9477614478758438,300.0
Joint1,12.779999999999816,0.842941884359707,-1.9477614478758438,300.0
Joint1,12.799999999999816,0.842941884359707,-1.9477614478758438,300.0
Joint1,12.819999999999816,0.7953655276960436,-3.0565651606491167,-300.0
Joint1,12.839999999999815,0.7953655276960436,-3.0565651606491167,-300.0
Joint1,12.859999999999815,0.7953655276960436,-3.0565651606491167,-300.0
Joint1,12.879999999999814,0.7953655276960436,-3.0565651606491167,-300.0
Joint1,12.899999999999814,0.7953655276960436,-3.0565651606491167,-300.0
Joint1,12.919999999999813,0.7953655276960436,-3.0565651606491167,-300.0
Joint1,12.939999999999813,0.7953655276960436,-3.0565651606491167,-300.0
Joint1,12.959999999999813,0.7953655276960436,-3.0565651606491167,-300.0
Joint1,12.979999999999812,0.7953655276960436,-3.0565651606491167,-300.0
Joint1,12.999999999999812,0.7953655276960436,-3.0565651606491167,-300.0
Joint1,13.019999999999811,0.7196503336660776,-4.497118819990002,-300.0
Joint1,13.03999999999981,0.7196503336660776,-4.497118819990002,-300.0
Joint1,13.05999999999981,0.7196503336660776,-4.497118819990002,-300.0
Joint1,13.07999999999981,0.7196503336660776,-4.497118819990002,-300.0
Joint1,13.09999999999981,0.7196503336660776,-4.497118819990002,-300.0
Joint1,13.11999999999981,0.7196503336660776,-4.497118819990002,-300.0
Joint1,13.139999999999809,0.7196503336660776,-4.497118819990002,-300.0
Joint1,13.159999999999808,0.7196503336660776,-4.497118819990002,-300.0
Joint1,13.179999999999808,0.7196503336660776,-4.497118819990002,-300.0
Joint1,13.199999999999807,0.7196503336660776,-4.497118819990002,-300.0
Joint1,13.219999999999807,0.6158660257733217,-5.858745636747632,-300.0
Joint1,13.239999999999807,0.6158660257733217,-5.858745636747632,-300.0
Joint1,13.259999999999806,0.6158660257733217,-5.858745636747632,-300.0
Joint1,13.279999999999806,0.6158660257733217,-5.858745636747632,-300.0
Joint1,13.299999999999805,0.6158660257733217,-5.858745636747632,-300.0
Joint1,13.319999999999805,0.6158660257733217,-5.858745636747632,-300.0
Joint1,13.339999999999804,0.6158660257733217,-5.858745636747632,-300.0
Joint1,13.359999999999804,0.6158660257733217,-5.858745636747632,-300.0
Joint1,13.379999999999804,0.6158660257733217,-5.858745636747632,-300.0
Joint1,13.399999999999803,0.6158660257733217,-5.858745636747632,-300.0
Joint1,13.419999999999803,0.48591186064403225,-7.109000491916059,-300.0
Joint1,13.439999999999802,0.48591186064403225,-7.109000491916059,-300.0
Joint1,13.459999999999802,0.48591186064403225,-7.109000491916059,-300.0
Joint1,13.479999999999801,0.48591186064403225,-7.109000491916059,-300.0
Joint1,13.499999999999801,0.48591186064403225,-7.109000491916059,-300.0
Joint1,13.5199999999998,0.48591186064403225,-7.109000491916059,-300.0
Joint1,13.5399999999998,0.48591186064403225,-7.109000491916059,-300.0
Joint1,13.5599999999998,0.48591186064403225,-7.109000491916059,-300.0
Joint1,13.5799999999998,0.48591186064403225,-7.109000491916059,-300.0
Joint1,13.599999999999799,0.48591186064403225,-7.109000491916059,-300.0
Joint1,13.619999999999798,0.3323622828391155,-8.213177534241964,-300.0
Joint1,13.639999999999798,0.3323622828391155,-8.213177534241964,-300.0
Joint1,13.659999999999798,0.3323622828391155,-8.213177534241964,-300.0
Joint1,13.679999999999797,0.3323622828391155,-8.213177534241964,-300.0
Joint1,13.699999999999797,0.3323622828391155,-8.213177534241964,-300.0
Joint1,13.719999999999796,0.3323622828391155,-8.213177534241964,-300.0
Joint1,13.739999999999796,0.3323622828391155,-8.213177534241964,-300.0
Joint1,13.759999999999796,0.3323622828391155,-8.213177534241964,-300.0
Joint1,13.779999999999795,0.3323622828391155,-8.213177534241964,-300.0
Joint1,13.799999999999795,0.3323622828391155,-8.213177534241964,-300.0
Joint1,13.819999999999794,0.15848487526442767,-9.137298294747929,-300.0
Joint1,13.839999999999794,0.15848487526442767,-9.137298294747929,-300.0
Joint1,13.859999999999793,0.15848487526442767,-9.137298294747929,-300.0
Joint1,13.879999999999793,0.15848487526442767,-9.137298294747929,-300.0
Joint1,13.899999999999793,0.15848487526442767,-9.137298294747929,-300.0
Joint1,13.919999999999792,0.15848487526442767,-9.137298294747929,-300.0
Joint1,13.939999999999792,0.15848487526442767,-9.137298294747929,-300.0
Joint1,13.959999999999791,0.15848487526442767,-9.137298294747929,-300.0
Joint1,13.97999999999979,0.15848487526442767,-9.137298294747929,-300.0
Joint1,13.99999999999979,0.15848487526442767,-9.137298294747929,-300.0
Joint1,14.01999999999979,-0.03181655526447358,-9.852503768206754,-300.0
Joint1,14.03999999999979,-0.03181655526447358,-9.852503768206754,-300.0
Joint1,14.059999999999789,-0.03181655526447358,-9.852503768206754,-300.0
Joint1,14.079999999999789,-0.03181655526447358,-9.852503768206754,-300.0
Joint1,14.099999999999788,-0.03181655526447358,-9.852503768206754,-300.0
Joint1,14.119999999999788,-0.03181655526447358,-9.852503768206754,-300.0
Joint1,14.139999999999787,-0.03181655526447358,-9.852503768206754,-300.0
Joint1,14.159999999999787,-0.03181655526447358,-9.852503768206754,-300.0
Joint1,14.179999999999787,-0.03181655526447358,-9.852503768206754,-300.0
Joint1,14.199999999999786,-0.03181655526447358,-9.852503768206754,-300.0
Joint1,14.219999999999786,-0.23144026384360927,-10.002678553540871,-300.0
Joint1,14.239999999999785,-0.23144026384360927,-10.002678553540871,-300.0
Joint1,14.259999999999785,-0.23144026384360927,-10.002678553540871,-300.0
Joint1,14.279999999999784,-0.23144026384360927,-10.002678553540871,-300.0
Joint1,14.299999999999784,-0.23144026384360927,-10.002678553540871,-300.0
Joint1,14.319999999999784,-0.23144026384360927,-10.002678553540871,-300.0
Joint1,14.339999999999783,-0.23144026384360927,-10.002678553540871,-300.0
Joint1,14.359999999999783,-0.23144026384360927,-10.002678553540871,-300.0
Joint1,14.379999999999782,-0.23144026384360927,-10.002678553540871,-300.0
Joint1,14.399999999999782,-0.23144026384360927,-10.002678553540871,-300.0
Joint1,14.419999999999781,-0.43133300749532744,-9.999710073226009,-300.0
Joint1,14.439999999999781,-0.43133300749532744,-9.999710073226009,-300.0
Joint1,14.45999999999978,-0.43133300749532744,-9.999710073226009,-300.0
Joint1,14.47999999999978,-0.43133300749532744,-9.999710073226009,-300.0
Joint1,14.49999999999978,-0.43133300749532744,-9.999710073226009,-300.0
Joint1,14.51999999999978,-0.43133300749532744,-9.999710073226009,-300.0
Joint1,14.539999999999779,-0.43133300749532744,-9.999710073226009,-300.0
Joint1,14.559999999999778,-0.43133300749532744,-9.999710073226009,-300.0
Joint1,14.579999999999778,-0.43133300749532744,-9.999710073226009,-300.0
Joint1,14.599999999999778,-0.43133300749532744,-9.999710073226009,-300.0
Joint1,14.619999999999777,-0.6312402190906763,-9.993649489125321,-300.0
Joint1,14.639999999999777,-0.6312402190906763,-9.993649489125321,-300.0
Joint1,14.659999999999776,-0.6312402190906763,-9.993649489125321,-300.0
Joint1,14.679999999999776,-0.6312402190906763,-9.993649489125321,-300.0
Joint1,14.699999999999775,-0.6312402190906763,-9.993649489125321,-300.0
Joint1,14.719999999999775,-0.6312402190906763,-9.993649489125321,-300.0
Joint1,14.739999999999775,-0.6312402190906763,-9.993649489125321,-300.0
Joint1,14.759999999999774,-0.6312402190906763,-9.993649489125321,-300.0
Joint1,14.779999999999774,-0.6312402190906763,-9.993649489125321,-300.0
Joint1,14.799999999999773,-0.6312402190906763,-9.993649489125321,-300.0
Joint1,14.819999999999773,-0.8300486784516625,-9.859194614984354,-300.0
Joint1,14.839999999999772,-0.8300486784516625,-9.859194614984354,-300.0
Joint1,14.859999999999772,-0.8300486784516625,-9.859194614984354,-300.0
Joint1,14.879999999999772,-0.8300486784516625,-9.859194614984354,-300.0
Joint1,14.899999999999771,-0.8300486784516625,-9.859194614984354,-300.0
Joint1,14.91999999999977,-0.8300486784516625,-9.859194614984354,-300.0
Joint1,14.93999999999977,-0.8300486784516625,-9.859194614984354,-300.0
Joint1,14.95999999999977,-0.8300486784516625,-9.859194614984354,-300.0
Joint1,14.97999999999977,-0.8300486784516625,-9.859194614984354,-300.0
Joint1,14.999999999999769,-0.8300486784516625,-9.859194614984354,-300.0
Joint1,15.019999999999769,-0.8473914920589536,1.8166551293456026,-287.7708963322561
Joint1,15.039999999999768,-0.8473914920589536,1.8166551293456026,-287.7708963322561
Joint1,15.059999999999768,-0.8473914920589536,1.8166551293456026,-287.7708963322561
Joint1,15.079999999999767,-0.8473914920589536,1.8166551293456026,-287.7708963322561
Joint1,15.099999999999767,-0.8473914920589536,1.8166551293456026,-287.7708963322561
Joint1,15.119999999999767,-0.8473914920589536,1.8166551293456026,-287.7708963322561
Joint1,15.139999999999766,-0.8473914920589536,1.8166551293456026,-287.7708963322561
Joint1,15.159999999999766,-0.8473914920589536,1.8166551293456026,-287.7708963322561
Joint1,15.179999999999765,-0.8473914920589536,1.8166551293456026,-287.7708963322561
Joint1,15.199999999999765,-0.8473914920589536,1.8166551293456026,-287.7708963322561
Joint1,15.219999999999764,-0.8004376978322636,3.055287347153209,300.0
Joint1,15.239999999999764,-0.8004376978322636,3.055287347153209,300.0
Joint1,15.259999999999764,-0.8004376978322636,3.055287347153209,300.0
Joint1,15.279999999999763,-0.8004376978322636,3.055287347153209,300.0
Joint1,15.299999999999763,-0.8004376978322636,3.055287347153209,300.0
Joint1,15.319999999999762,-0.8004376978322636,3.055287347153209,300.0
Joint1,15.339999999999762,-0.8004376978322636,3.055287347153209,300.0
Joint1,15.359999999999761,-0.8004376978322636,3.055287347153209,300.0
Joint1,15.379999999999761,-0.8004376978322636,3.055287347153209,300.0
Joint1,15.39999999999976,-0.8004376978322636,3.055287347153209,300.0
Joint1,15.41999999999976,-0.7247057271965431,4.500101953062496,300.0
Joint1,15.43999999999976,-0.7247057271965431,4.500101953062496,300.0
Joint1,15.45999999999976,-0.7247057271965431,4.500101953062496,300.0
Joint1,15.479999999999759,-0.7247057271965431,4.500101953062496,300.0
Joint1,15.499999999999758,-0.7247057271965431,4.500101953062496,300.0
Joint1,15.519999999999758,-0.7247057271965431,4.500101953062496,300.0
Joint1,15.539999999999758,-0.7247057271965431,4.500101953062496,300.0
Joint1,15.559999999999757,-0.7247057271965431,4.500101953062496,300.0
Joint1,15.579999999999757,-0.7247057271965431,4.500101953062496,300.0
Joint1,15.599999999999756,-0.7247057271965431,4.500101953062496,300.0
Joint1,15.619999999999756,-0.6208164688037696,5.866281607367885,300.0
Joint1,15.639999999999755,-0.6208164688037696,5.866281607367885,300.0
Joint1,15.659999999999755,-0.6208164688037696,5.866281607367885,300.0
Joint1,15.679999999999755,-0.6208164688037696,5.866281607367885,300.0
Joint1,15.699999999999754,-0.6208164688037696,5.866281607367885,300.0
Joint1,15.719999999999754,-0.6208164688037696,5.866281607367885,300.0
Joint1,15.739999999999753,-0.6208164688037696,5.866281607367885,300.0
Joint1,15.759999999999753,-0.6208164688037696,5.866281607367885,300.0
Joint1,15.779999999999752,-0.6208164688037696,5.866281607367885,300.0
Joint1,15.799999999999752,-0.6208164688037696,5.866281607367885,300.0
Joint1,15.819999999999752,-0.4906637189528791,7.121330845739352,300.0
Joint1,15.839999999999751,-0.4906637189528791,7.121330845739352,300.0
Joint1,15.85999999999975,-0.4906637189528791,7.121330845739352,300.0
Joint1,15.87999999999975,-0.4906637189528791,7.121330845739352,300.0
Joint1,15.89999999999975,-0.4906637189528791,7.121330845739352,300.0
Joint1,15.91999999999975,-0.4906637189528791,7.121330845739352,300.0
Joint1,15.939999999999749,-0.4906637189528791,7.121330845739352,300.0
Joint1,15.959999999999749,-0.4906637189528791,7.121330845739352,300.0
Joint1,15.979999999999748,-0.4906637189528791,7.121330845739352,300.0
Joint1,15.999999999999748,-0.4906637189528791,7.121330845739352,300.0
Joint1,16.019999999999747,-0.3368182817345762,8.230411294048192,300.0
Joint1,16.039999999999747,-0.3368182817345762,8.230411294048192,300.0
Joint1,16.059999999999746,-0.3368182817345762,8.230411294048192,300.0
Joint1,16.079999999999746,-0.3368182817345762,8.230411294048192,300.0
Joint1,16.099999999999746,-0.3368182817345762,8.230411294048192,300.0
Joint1,16.119999999999745,-0.3368182817345762,8.230411294048192,300.0
Joint1,16.139999999999745,-0.3368182817345762,8.230411294048192,300.0
Joint1,16.159999999999744,-0.3368182817345762,8.230411294048192,300.0
Joint1,16.179999999999744,-0.3368182817345762,8.230411294048192,300.0
Joint1,16.199999999999743,-0.3368182817345762,8.230411294048192,300.0
Joint1,16.219999999999743,-0.16254757220831806,9.159332496964868,300.0
Joint1,16.239999999999743,-0.16254757220831806,9.159332496964868,300.0
Joint1,16.259999999999742,-0.16254757220831806,9.159332496964868,300.0
Joint1,16.279999999999742,-0.16254757220831806,9.159332496964868,300.0
Joint1,16.29999999999974,-0.16254757220831806,9.159332496964868,300.0
Joint1,16.31999999999974,-0.16254757220831806,9.159332496964868,300.0
Joint1,16.33999999999974,-0.16254757220831806,9.159332496964868,300.0
Joint1,16.35999999999974,-0.16254757220831806,9.159332496964868,300.0
Joint1,16.37999999999974,-0.16254757220831806,9.159332496964868,300.0
Joint1,16.39999999999974,-0.16254757220831806,9.159332496964868,300.0
Joint1,16.41999999999974,0.028239937040263285,9.87897095347321,300.0
Joint1,16.43999999999974,0.028239937040263285,9.87897095347321,300.0
Joint1,16.459999999999738,0.028239937040263285,9.87897095347321,300.0
Joint1,16.479999999999738,0.028239937040263285,9.87897095347321,300.0
Joint1,16.499999999999737,0.028239937040263285,9.87897095347321,300.0
Joint1,16.519999999999737,0.028239937040263285,9.87897095347321,300.0
Joint1,16.539999999999736,0.028239937040263285,9.87897095347321,300.0
Joint1,16.559999999999736,0.028239937040263285,9.87897095347321,300.0
Joint1,16.579999999999735,0.028239937040263285,9.87897095347321,300.0
Joint1,16.599999999999735,0.028239937040263285,9.87897095347321,300.0
Joint1,16.619999999999735,0.22798733924464454,9.998909579563572,0.0
Joint1,16.639999999999734,0.22798733924464454,9.998909579563572,0.0
Joint1,16.659999999999734,0.22798733924464454,9.998909579563572,0.0
Joint1,16.679999999999733,0.22798733924464454,9.998909579563572,0.0
Joint1,16.699999999999733,0.22798733924464454,9.998909579563572,0.0
Joint1,16.719999999999732,0.22798733924464454,9.998909579563572,0.0
Joint1,16.739999999999732,0.22798733924464454,9.998909579563572,0.0
Joint1,16.75999999999973,0.22798733924464454,9.998909579563572,0.0
Joint1,16.77999999999973,0.22798733924464454,9.998909579563572,0.0
Joint1,16.79999999999973,0.22798733924464454,9.998909579563572,0.0
Joint1,16.81999999999973,0.42786070283860056,9.99853526837417,300.0
Joint1,16.83999999999973,0.42786070283860056,9.99853526837417,300.0
Joint1,16.85999999999973,0.42786070283860056,9.99853526837417,300.0
Joint1,16.87999999999973,0.42786070283860056,9.99853526837417,300.0
Joint1,16.89999999999973,0.42786070283860056,9.99853526837417,300.0
Joint1,16.919999999999728,0.42786070283860056,9.99853526837417,300.0
Joint1,16.939999999999728,0.42786070283860056,9.99853526837417,300.0
Joint1,16.959999999999727,0.42786070283860056,9.99853526837417,300.0
Joint1,16.979999999999727,0.42786070283860056,9.99853526837417,300.0
Joint1,16.999999999999726,0.42786070283860056,9.99853526837417,300.0
Joint1,17.019999999999726,0.6275337664878755,9.973867013312704,300.0
Joint1,17.039999999999726,0.6275337664878755,9.973867013312704,300.0
Joint1,17.059999999999725,0.6275337664878755,9.973867013312704,300.0
Joint1,17.079999999999725,0.6275337664878755,9.973867013312704,300.0
Joint1,17.099999999999724,0.6275337664878755,9.973867013312704,300.0
Joint1,17.119999999999724,0.6275337664878755,9.973867013312704,300.0
Joint1,17.139999999999723,0.6275337664878755,9.973867013312704,300.0
Joint1,17.159999999999723,0.6275337664878755,9.973867013312704,300.0
Joint1,17.179999999999723,0.6275337664878755,9.973867013312704,300.0
Joint1,17.199999999999722,0.6275337664878755,9.973867013312704,300.0
Joint1,17.21999999999972,0.8259808779121043,9.842777994917178,300.0
Joint1,17.23999999999972,0.8259808779121043,9.842777994917178,300.0
Joint1,17.25999999999972,0.8259808779121043,9.842777994917178,300.0
Joint1,17.27999999999972,0.8259808779121043,9.842777994917178,300.0
Joint1,17.29999999999972,0.8259808779121043,9.842777994917178,300.0
Joint1,17.31999999999972,0.8259808779121043,9.842777994917178,300.0
Joint1,17.33999999999972,0.8259808779121043,9.842777994917178,300.0
Joint1,17.35999999999972,0.8259808779121043,9.842777994917178,300.0
Joint1,17.37999999999972,0.8259808779121043,9.842777994917178,300.0
Joint1,17.399999999999718,0.8259808779121043,9.842777994917178,300.0
Joint1,17.419999999999717,0.8517032891067524,-1.561098265280147,300.0
Joint1,17.439999999999717,0.8517032891067524,-1.561098265280147,300.0
Joint1,17.459999999999717,0.8517032891067524,-1.561098265280147,300.0
Joint1,17.479999999999716,0.8517032891067524,-1.561098265280147,300.0
Joint1,17.499999999999716,0.8517032891067524,-1.561098265280147,300.0
Joint1,17.519999999999715,0.8517032891067524,-1.561098265280147,300.0
Joint1,17.539999999999715,0.8517032891067524,-1.561098265280147,300.0
Joint1,17.559999999999715,0.8517032891067524,-1.561098265280147,300.0
Joint1,17.579999999999714,0.8517032891067524,-1.561098265280147,300.0
Joint1,17.599999999999714,0.8517032891067524,-1.561098265280147,300.0
Joint1,17.619999999999713,0.8182046064029835,-1.7833046752487347,300.0
Joint1,17.639999999999713,0.8182046064029835,-1.7833046752487347,300.0
Joint1,17.659999999999712,0.8182046064029835,-1.7833046752487347,300.0
Joint1,17.679999999999712,0.8182046064029835,-1.7833046752487347,300.0
Joint1,17.69999999999971,0.8182046064029835,-1.7833046752487347,300.0
Joint1,17.71999999999971,0.8182046064029835,-1.7833046752487347,300.0
Joint1,17.73999999999971,0.8182046064029835,-1.7833046752487347,300.0
Joint1,17.75999999999971,0.8182046064029835,-1.7833046752487347,300.0
Joint1,17.77999999999971,0.8182046064029835,-1.7833046752487347,300.0
Joint1,17.79999999999971,0.8182046064029835,-1.7833046752487347,300.0
Joint1,17.81999999999971,0.7741158653830835,-2.875229927458958,-300.0
Joint1,17.83999999999971,0.7741158653830835,-2.875229927458958,-300.0
Joint1,17.859999999999708,0.7741158653830835,-2.875229927458958,-300.0
Joint1,17.879999999999708,0.7741158653830835,-2.875229927458958,-300.0
Joint1,17.899999999999707,0.7741158653830835,-2.875229927458958,-300.0
Joint1,17.919999999999707,0.7741158653830835,-2.875229927458958,-300.0
Joint1,17.939999999999706,0.7741158653830835,-2.875229927458958,-300.0
Joint1,17.959999999999706,0.7741158653830835,-2.875229927458958,-300.0
Joint1,17.979999999999706,0.7741158653830835,-2.875229927458958,-300.0
Joint1,17.999999999999705,0.7741158653830835,-2.875229927458958,-300.0
Joint1,18.019999999999705,0.7021963208687483,-4.29932084600275,-300.0
Joint1,18.039999999999704,0.7021963208687483,-4.29932084600275,-300.0
Joint1,18.059999999999704,0.7021963208687483,-4.29932084600275,-300.0
Joint1,18.079999999999703,0.7021963208687483,-4.29932084600275,-300.0
Joint1,18.099999999999703,0.7021963208687483,-4.29932084600275,-300.0
Joint1,18.119999999999703,0.7021963208687483,-4.29932084600275,-300.0
Joint1,18.139999999999702,0.7021963208687483,-4.29932084600275,-300.0
Joint1,18.1599999999997,0.7021963208687483,-4.29932084600275,-300.0
Joint1,18.1799999999997,0.7021963208687483,-4.29932084600275,-300.0
Joint1,18.1999999999997,0.7021963208687483,-4.29932084600275,-300.0
Joint1,18.2199999999997,0.6025142443925242,-5.646830883621502,-300.0
Joint1,18.2399999999997,0.6025142443925242,-5.646830883621502,-300.0
Joint1,18.2599999999997,0.6025142443925242,-5.646830883621502,-300.0
Joint1,18.2799999999997,0.6025142443925242,-5.646830883621502,-300.0
Joint1,18.2999999999997,0.6025142443925242,-5.646830883621502,-300.0
Joint1,18.3199999999997,0.6025142443925242,-5.646830883621502,-300.0
Joint1,18.339999999999698,0.6025142443925242,-5.646830883621502,-300.0
Joint1,18.359999999999697,0.6025142443925242,-5.646830883621502,-300.0
Joint1,18.379999999999697,0.6025142443925242,-5.646830883621502,-300.0
Joint1,18.399999999999697,0.6025142443925242,-5.646830883621502,-300.0
Joint1,18.419999999999696,0.47691551709826197,-6.886002750694921,-300.0
Joint1,18.439999999999696,0.47691551709826197,-6.886002750694921,-300.0
Joint1,18.459999999999695,0.47691551709826197,-6.886002750694921,-300.0
Joint1,18.479999999999695,0.47691551709826197,-6.886002750694921,-300.0
Joint1,18.499999999999694,0.47691551709826197,-6.886002750694921,-300.0
Joint1,18.519999999999694,0.47691551709826197,-6.886002750694921,-300.0
Joint1,18.539999999999694,0.47691551709826197,-6.886002750694921,-300.0
Joint1,18.559999999999693,0.47691551709826197,-6.886002750694921,-300.0
Joint1,18.579999999999693,0.47691551709826197,-6.886002750694921,-300.0
Joint1,18.599999999999692,0.47691551709826197,-6.886002750694921,-300.0
Joint1,18.619999999999692,0.32790522659509147,-7.983010389092326,-300.0
Joint1,18.63999999999969,0.32790522659509147,-7.983010389092326,-300.0
Joint1,18.65999999999969,0.32790522659509147,-7.983010389092326,-300.0
Joint1,18.67999999999969,0.32790522659509147,-7.983010389092326,-300.0
Joint1,18.69999999999969,0.32790522659509147,-7.983010389092326,-300.0
Joint1,18.71999999999969,0.32790522659509147,-7.983010389092326,-300.0
Joint1,18.73999999999969,0.32790522659509147,-7.983010389092326,-300.0
Joint1,18.75999999999969,0.32790522659509147,-7.983010389092326,-300.0
Joint1,18.77999999999969,0.32790522659509147,-7.983010389092326,-300.0
Joint1,18.799999999999688,0.32790522659509147,-7.983010389092326,-300.0
Joint1,18.819999999999688,0.158663876927295,-8.90472379489907,-300.0
Joint1,18.839999999999687,0.158663876927295,-8.90472379489907,-300.0
Joint1,18.859999999999687,0.158663876927295,-8.90472379489907,-300.0
Joint1,18.879999999999686,0.158663876927295,-8.90472379489907,-300.0
Joint1,18.899999999999686,0.158663876927295,-8.90472379489907,-300.0
Joint1,18.919999999999686,0.158663876927295,-8.90472379489907,-300.0
Joint1,18.939999999999685,0.158663876927295,-8.90472379489907,-300.0
Joint1,18.959999999999685,0.158663876927295,-8.90472379489907,-300.0
Joint1,18.979999999999684,0.158663876927295,-8.90472379489907,-300.0
Joint1,18.999999999999684,0.158663876927295,-8.90472379489907,-300.0
Joint1,19.019999999999683,-0.027006087766172193,-9.62281645751242,-300.0
Joint1,19.039999999999683,-0.027006087766172193,-9.62281645751242,-300.0
Joint1,19.059999999999683,-0.027006087766172193,-9.62281645751242,-300.0
Joint1,19.079999999999682,-0.027006087766172193,-9.62281645751242,-300.0
Joint1,19.09999999999968,-0.027006087766172193,-9.62281645751242,-300.0
Joint1,19.11999999999968,-0.027006087766172193,-9.62281645751242,-300.0
Joint1,19.13999999999968,-0.027006087766172193,-9.62281645751242,-300.0
Joint1,19.15999999999968,-0.027006087766172193,-9.62281645751242,-300.0
Joint1,19.17999999999968,-0.027006087766172193,-9.62281645751242,-300.0
Joint1,19.19999999999968,-0.027006087766172193,-9.62281645751242,-300.0
Joint1,19.21999999999968,-0.22446272025355807,-9.998522793748924,0.0
Joint1,19.23999999999968,-0.22446272025355807,-9.998522793748924,0.0
Joint1,19.25999999999968,-0.22446272025355807,-9.998522793748924,0.0
Joint1,19.279999999999678,-0.22446272025355807,-9.998522793748924,0.0
Joint1,19.299999999999677,-0.22446272025355807,-9.998522793748924,0.0
Joint1,19.319999999999677,-0.22446272025355807,-9.998522793748924,0.0
Joint1,19.339999999999677,-0.22446272025355807,-9.998522793748924,0.0
Joint1,19.359999999999676,-0.22446272025355807,-9.998522793748924,0.0
Joint1,19.379999999999676,-0.22446272025355807,-9.998522793748924,0.0
Joint1,19.399999999999675,-0.22446272025355807,-9.998522793748924,0.0
Joint1,19.419999999999675,-0.42436051777291706,-9.975838726990649,0.0
Joint1,19.439999999999674,-0.42436051777291706,-9.975838726990649,0.0
Joint1,19.459999999999674,-0.42436051777291706,-9.975838726990649,0.0
Joint1,19.479999999999674,-0.42436051777291706,-9.975838726990649,0.0
Joint1,19.499999999999673,-0.42436051777291706,-9.975838726990649,0.0
Joint1,19.519999999999673,-0.42436051777291706,-9.975838726990649,0.0
Joint1,19.539999999999672,-0.42436051777291706,-9.975838726990649,0.0
Joint1,19.559999999999672,-0.42436051777291706,-9.975838726990649,0.0
Joint1,19.57999999999967,-0.42436051777291706,-9.975838726990649,0.0
Joint1,19.59999999999967,-0.42436051777291706,-9.975838726990649,0.0
Joint1,19.61999999999967,-0.6242921618681541,-9.993915079660942,-300.0
Joint1,19.63999999999967,-0.6242921618681541,-9.993915079660942,-300.0
Joint1,19.65999999999967,-0.6242921618681541,-9.993915079660942,-300.0
Joint1,19.67999999999967,-0.6242921618681541,-9.993915079660942,-300.0
Joint1,19.69999999999967,-0.6242921618681541,-9.993915079660942,-300.0
Joint1,19.71999999999967,-0.6242921618681541,-9.993915079660942,-300.0
Joint1,19.739999999999668,-0.6242921618681541,-9.993915079660942,-300.0
Joint1,19.759999999999668,-0.6242921618681541,-9.993915079660942,-300.0
Joint1,19.779999999999667,-0.6242921618681541,-9.993915079660942,-300.0
Joint1,19.799999999999667,-0.6242921618681541,-9.993915079660942,-300.0
Joint1,19.819999999999666,-0.8231681592424485,-9.865466000829644,-300.0
Joint1,19.839999999999666,-0.8231681592424485,-9.865466000829644,-300.0
Joint1,19.859999999999665,-0.8231681592424485,-9.865466000829644,-300.0
Joint1,19.879999999999665,-0.8231681592424485,-9.865466000829644,-300.0
Joint1,19.899999999999665,-0.8231681592424485,-9.865466000829644,-300.0
Joint1,19.919999999999664,-0.8231681592424485,-9.865466000829644,-300.0
Joint1,19.939999999999664,-0.8231681592424485,-9.865466000829644,-300.0
Joint1,19.959999999999663,-0.8231681592424485,-9.865466000829644,-300.0
Joint1,19.979999999999663,-0.8231681592424485,-9.865466000829644,-300.0
Joint1,19.999999999999662,-0.8231681592424485,-9.865466000829644,-300.0
Joint1,20.019999999999662,-0.8488375660263401,1.7951091280245814,-290.7258286142684
Joint1,20.03999999999966,-0.8488375660263401,1.7951091280245814,-290.7258286142684
Joint1,20.05999999999966,-0.8488375660263401,1.7951091280245814,-290.7258286142684
Joint1,20.07999999999966,-0.8488375660263401,1.7951091280245814,-290.7258286142684
Joint1,20.09999999999966,-0.8488375660263401,1.7951091280245814,-290.7258286142684
Joint1,20.11999999999966,-0.8488375660263401,1.7951091280245814,-290.7258286142684
Joint1,20.13999999999966,-0.8488375660263401,1.7951091280245814,-290.7258286142684
Joint1,20.15999999999966,-0.8488375660263401,1.7951091280245814,-290.7258286142684
Joint1,20.17999999999966,-0.8488375660263401,1.7951091280245814,-290.7258286142684
Joint1,20.19999999999966,-0.8488375660263401,1.7951091280245814,-290.7258286142684
Joint1,20.219999999999658,-0.8023041793958807,3.035001518969636,300.0
Joint1,20.239999999999657,-0.8023041793958807,3.035001518969636,300.0
Joint1,20.259999999999657,-0.8023041793958807,3.035001518969636,300.0
Joint1,20.279999999999657,-0.8023041793958807,3.035001518969636,300.0
Joint1,20.299999999999656,-0.8023041793958807,3.035001518969636,300.0
Joint1,20.319999999999656,-0.8023041793958807,3.035001518969636,300.0
Joint1,20.339999999999655,-0.8023041793958807,3.035001518969636,300.0
Joint1,20.359999999999655,-0.8023041793958807,3.035001518969636,300.0
Joint1,20.379999999999654,-0.8023041793958807,3.035001518969636,300.0
Joint1,20.399999999999654,-0.8023041793958807,3.035001518969636,300.0
Joint1,20.419999999999654,-0.7269612963031546,4.481545639029184,300.0
Joint1,20.439999999999653,-0.7269612963031546,4.481545639029184,300.0
Joint1,20.459999999999653,-0.7269612963031546,4.481545639029184,300.0
Joint1,20.479999999999652,-0.7269612963031546,4.481545639029184,300.0
Joint1,20.499999999999652,-0.7269612963031546,4.481545639029184,300.0
Joint1,20.51999999999965,-0.7269612963031546,4.481545639029184,300.0
Joint1,20.53999999999965,-0.7269612963031546,4.481545639029184,300.0
Joint1,20.55999999999965,-0.7269612963031546,4.481545639029184,300.0
Joint1,20.57999999999965,-0.7269612963031546,4.481545639029184,300.0
Joint1,20.59999999999965,-0.7269612963031546,4.481545639029184,300.0
Joint1,20.61999999999965,-0.6234218196369525,5.8499321306793,300.0
Joint1,20.63999999999965,-0.6234218196369525,5.8499321306793,300.0
Joint1,20.65999999999965,-0.6234218196369525,5.8499321306793,300.0
Joint1,20.679999999999648,-0.6234218196369525,5.8499321306793,300.0
Joint1,20.699999999999648,-0.6234218196369525,5.8499321306793,300.0
Joint1,20.719999999999647,-0.6234218196369525,5.8499321306793,300.0
Joint1,20.739999999999647,-0.6234218196369525,5.8499321306793,300.0
Joint1,20.759999999999646,-0.6234218196369525,5.8499321306793,300.0
Joint1,20.779999999999646,-0.6234218196369525,5.8499321306793,300.0
Joint1,20.799999999999645,-0.6234218196369525,5.8499321306793,300.0
Joint1,20.819999999999645,-0.49356959851290405,7.107700008243255,300.0
Joint1,20.839999999999645,-0.49356959851290405,7.107700008243255,300.0
Joint1,20.859999999999644,-0.49356959851290405,7.107700008243255,300.0
Joint1,20.879999999999644,-0.49356959851290405,7.107700008243255,300.0
Joint1,20.899999999999643,-0.49356959851290405,7.107700008243255,300.0
Joint1,20.919999999999643,-0.49356959851290405,7.107700008243255,300.0
Joint1,20.939999999999642,-0.49356959851290405,7.107700008243255,300.0
Joint1,20.959999999999642,-0.49356959851290405,7.107700008243255,300.0
Joint1,20.97999999999964,-0.49356959851290405,7.107700008243255,300.0
Joint1,20.99999999999964,-0.49356959851290405,7.107700008243255,300.0
Joint1,21.01999999999964,-0.33996521595744333,8.219999746370375,300.0
Joint1,21.03999999999964,-0.33996521595744333,8.219999746370375,300.0
Joint1,21.05999999999964,-0.33996521595744333,8.219999746370375,300.0
Joint1,21.07999999999964,-0.33996521595744333,8.219999746370375,300.0
Joint1,21.09999999999964,-0.33996521595744333,8.219999746370375,300.0
Joint1,21.11999999999964,-0.33996521595744333,8.219999746370375,300.0
Joint1,21.139999999999638,-0.33996521595744333,8.219999746370375,300.0
Joint1,21.159999999999638,-0.33996521595744333,8.219999746370375,300.0
Joint1,21.179999999999637,-0.33996521595744333,8.219999746370375,300.0
Joint1,21.199999999999637,-0.33996521595744333,8.219999746370375,300.0
Joint1,21.219999999999636,-0.16586674214129538,9.15256184240851,300.0
Joint1,21.239999999999636,-0.16586674214129538,9.15256184240851,300.0
Joint1,21.259999999999636,-0.16586674214129538,9.15256184240851,300.0
Joint1,21.279999999999635,-0.16586674214129538,9.15256184240851,300.0
Joint1,21.299999999999635,-0.16586674214129538,9.15256184240851,300.0
Joint1,21.319999999999634,-0.16586674214129538,9.15256184240851,300.0
Joint1,21.339999999999634,-0.16586674214129538,9.15256184240851,300.0
Joint1,21.359999999999634,-0.16586674214129538,9.15256184240851,300.0
Joint1,21.379999999999633,-0.16586674214129538,9.15256184240851,300.0
Joint1,21.399999999999633,-0.16586674214129538,9.15256184240851,300.0
Joint1,21.419999999999632,0.02482433828630093,9.876106537673747,300.0
Joint1,21.439999999999632,0.02482433828630093,9.876106537673747,300.0
Joint1,21.45999999999963,0.02482433828630093,9.876106537673747,300.0
Joint1,21.47999999999963,0.02482433828630093,9.876106537673747,300.0
Joint1,21.49999999999963,0.02482433828630093,9.876106537673747,300.0
Joint1,21.51999999999963,0.02482433828630093,9.876106537673747,300.0
Joint1,21.53999999999963,0.02482433828630093,9.876106537673747,300.0
Joint1,21.55999999999963,0.02482433828630093,9.876106537673747,300.0
Joint1,21.57999999999963,0.02482433828630093,9.876106537673747,300.0
Joint1,21.59999999999963,0.02482433828630093,9.876106537673747,300.0
Joint1,21.619999999999628,0.02482433828630093,9.876106537673747,300.0
Joint1,21.639999999999628,0.22457062078597367,10.000067639618024,0.0
